Mutation type,Trinucleotide,Sample1,Sample2,Sample3,Sample4
C>A,ACA,17,7,7,27
C>A,ACC,11,1,4,8
C>A,ACG,1,1,2,1
C>A,ACT,8,2,3,6
C>A,CCA,8,6,7,10
C>A,CCC,11,6,6,11
C>A,CCG,2,1,2,2
C>A,CCT,8,6,6,9
C>A,GCA,4,5,7,4
C>A,GCC,8,5,5,12
C>A,GCG,1,0,1,1
C>A,GCT,7,2,3,6
C>A,TCA,6,8,8,7
C>A,TCC,9,3,4,6
C>A,TCG,0,0,0,0
C>A,TCT,7,6,6,5
C>G,ACA,10,3,4,11
C>G,ACC,6,1,1,6
C>G,ACG,1,1,1,2
C>G,ACT,4,4,5,4
C>G,CCA,3,2,3,3
C>G,CCC,1,1,2,1
C>G,CCG,1,0,0,0
C>G,CCT,4,2,1,4
C>G,GCA,2,3,4,2
C>G,GCC,1,3,3,1
C>G,GCG,1,0,1,3
C>G,GCT,5,2,2,5
C>G,TCA,6,0,1,6
C>G,TCC,2,6,6,2
C>G,TCG,1,1,1,4
C>G,TCT,12,4,6,11
C>T,ACA,44,28,28,39
C>T,ACC,19,7,8,20
C>T,ACG,103,35,39,91
C>T,ACT,39,16,15,37
C>T,CCA,25,12,14,22
C>T,CCC,34,21,23,29
C>T,CCG,43,15,20,40
C>T,CCT,31,28,27,32
C>T,GCA,16,9,9,14
C>T,GCC,34,23,27,35
C>T,GCG,66,18,22,57
C>T,GCT,36,21,23,37
C>T,TCA,21,4,4,19
C>T,TCC,19,15,19,17
C>T,TCG,47,14,18,34
C>T,TCT,21,15,16,20
T>A,ATA,4,3,6,4
T>A,ATC,12,6,6,11
T>A,ATG,8,3,4,8
T>A,ATT,11,6,4,11
T>A,CTA,10,1,1,10
T>A,CTC,4,1,1,3
T>A,CTG,6,0,2,8
T>A,CTT,5,3,3,5
T>A,GTA,1,1,1,1
T>A,GTC,4,0,0,5
T>A,GTG,3,1,3,3
T>A,GTT,4,2,3,3
T>A,TTA,8,1,1,7
T>A,TTC,3,2,2,3
T>A,TTG,1,5,5,1
T>A,TTT,7,3,4,6
T>C,ATA,21,17,14,21
T>C,ATC,9,2,5,10
T>C,ATG,20,12,14,16
T>C,ATT,27,18,24,27
T>C,CTA,7,4,5,7
T>C,CTC,10,2,2,10
T>C,CTG,10,4,6,13
T>C,CTT,9,4,7,5
T>C,GTA,12,5,5,12
T>C,GTC,7,4,4,7
T>C,GTG,10,6,7,10
T>C,GTT,13,9,10,12
T>C,TTA,11,1,3,10
T>C,TTC,5,7,5,8
T>C,TTG,5,7,6,3
T>C,TTT,18,12,19,20
T>G,ATA,3,2,2,3
T>G,ATC,1,0,0,1
T>G,ATG,10,1,2,10
T>G,ATT,4,4,4,4
T>G,CTA,1,0,0,2
T>G,CTC,4,2,2,4
T>G,CTG,4,2,4,2
T>G,CTT,4,0,0,3
T>G,GTA,1,1,1,3
T>G,GTC,1,1,1,1
T>G,GTG,8,3,3,11
T>G,GTT,3,4,7,3
T>G,TTA,9,0,0,5
T>G,TTC,3,1,1,4
T>G,TTG,3,1,2,4
T>G,TTT,9,3,2,11