Strand,Mutation type,Trinucleotide,Sample1,Sample2,Sample3,Sample4
U,T>G,TTT,1,2,1,1
U,T>G,GTT,0,1,1,1
U,T>G,CTT,1,0,0,1
U,T>G,ATT,1,0,0,1
U,T>G,TTG,0,1,0,2
U,T>G,GTG,5,2,2,4
U,T>G,CTG,2,2,4,1
U,T>G,ATG,5,0,1,6
U,T>G,TTC,1,0,0,1
U,T>G,GTC,0,0,0,0
U,T>G,CTC,0,0,0,0
U,T>G,ATC,0,0,0,0
U,T>G,TTA,4,0,0,1
U,T>G,GTA,1,1,1,1
U,T>G,CTA,0,0,0,0
U,T>G,ATA,1,0,0,1
U,T>C,TTT,3,4,2,4
U,T>C,GTT,3,2,2,3
U,T>C,CTT,2,0,0,2
U,T>C,ATT,10,5,6,10
U,T>C,TTG,1,2,2,1
U,T>C,GTG,2,1,2,2
U,T>C,CTG,2,0,0,2
U,T>C,ATG,7,4,5,7
U,T>C,TTC,3,2,1,5
U,T>C,GTC,1,2,2,1
U,T>C,CTC,2,2,1,2
U,T>C,ATC,3,0,1,3
U,T>C,TTA,3,0,1,1
U,T>C,GTA,2,3,4,2
U,T>C,CTA,2,0,0,2
U,T>C,ATA,6,7,6,7
U,T>A,TTT,1,0,0,2
U,T>A,GTT,0,0,0,0
U,T>A,CTT,0,2,2,0
U,T>A,ATT,3,1,1,3
U,T>A,TTG,0,3,2,0
U,T>A,GTG,1,1,3,1
U,T>A,CTG,2,0,1,2
U,T>A,ATG,1,1,2,2
U,T>A,TTC,0,0,0,0
U,T>A,GTC,1,0,0,1
U,T>A,CTC,1,0,0,1
U,T>A,ATC,2,1,0,2
U,T>A,TTA,2,0,0,1
U,T>A,GTA,0,1,1,1
U,T>A,CTA,1,0,0,2
U,T>A,ATA,0,0,1,0
T,C>A,ACA,3,0,0,5
T,C>A,ACC,1,0,1,1
T,C>A,ACG,0,0,0,0
T,C>A,ACT,2,1,0,2
T,C>A,CCA,1,0,0,2
T,C>A,CCC,4,1,1,3
T,C>A,CCG,0,0,0,0
T,C>A,CCT,0,2,2,0
T,C>A,GCA,1,2,4,1
T,C>A,GCC,1,2,2,2
T,C>A,GCG,1,0,0,1
T,C>A,GCT,0,0,1,0
T,C>A,TCA,2,4,4,1
T,C>A,TCC,2,2,2,1
T,C>A,TCG,0,0,0,0
T,C>A,TCT,0,2,2,0
T,C>G,ACA,2,1,1,2
T,C>G,ACC,1,1,1,1
T,C>G,ACG,0,0,0,0
T,C>G,ACT,3,1,1,3
T,C>G,CCA,1,0,0,0
T,C>G,CCC,0,0,1,0
T,C>G,CCG,0,0,0,0
T,C>G,CCT,2,1,1,1
T,C>G,GCA,0,1,1,0
T,C>G,GCC,0,0,0,0
T,C>G,GCG,0,0,0,0
T,C>G,GCT,2,0,0,2
T,C>G,TCA,0,0,1,0
T,C>G,TCC,1,1,2,1
T,C>G,TCG,0,1,1,2
T,C>G,TCT,5,0,1,5
T,C>T,ACA,6,7,7,6
T,C>T,ACC,8,3,3,7
T,C>T,ACG,22,5,6,22
T,C>T,ACT,11,5,3,10
T,C>T,CCA,7,0,0,6
T,C>T,CCC,10,4,6,7
T,C>T,CCG,9,4,6,11
T,C>T,CCT,6,3,5,6
T,C>T,GCA,2,3,3,2
T,C>T,GCC,6,4,5,5
T,C>T,GCG,18,1,2,14
T,C>T,GCT,6,6,5,5
T,C>T,TCA,2,0,0,2
T,C>T,TCC,4,5,8,4
T,C>T,TCG,13,3,3,10
T,C>T,TCT,6,4,4,5
U,C>T,TCT,4,4,4,5
U,C>T,GCT,9,5,6,9
U,C>T,CCT,8,8,5,7
U,C>T,ACT,8,3,4,8
U,C>T,TCG,10,1,3,8
U,C>T,GCG,15,2,3,12
U,C>T,CCG,13,1,1,11
U,C>T,ACG,21,9,11,17
U,C>T,TCC,4,5,5,4
U,C>T,GCC,7,7,8,9
U,C>T,CCC,5,8,7,4
U,C>T,ACC,4,1,2,4
U,C>T,TCA,6,0,0,6
U,C>T,GCA,2,1,2,3
U,C>T,CCA,6,8,10,6
U,C>T,ACA,14,10,10,13
U,C>G,TCT,1,0,0,1
U,C>G,GCT,2,0,0,2
U,C>G,CCT,1,0,0,1
U,C>G,ACT,0,0,0,0
U,C>G,TCG,0,0,0,0
U,C>G,GCG,0,0,0,0
U,C>G,CCG,0,0,0,0
U,C>G,ACG,0,1,1,0
U,C>G,TCC,1,0,0,1
U,C>G,GCC,0,1,1,0
U,C>G,CCC,1,0,0,1
U,C>G,ACC,2,0,0,2
U,C>G,TCA,2,0,0,2
U,C>G,GCA,1,0,0,1
U,C>G,CCA,0,0,0,1
U,C>G,ACA,2,0,0,2
U,C>A,TCT,3,2,2,3
U,C>A,GCT,2,0,0,2
U,C>A,CCT,1,2,2,1
U,C>A,ACT,1,0,0,1
U,C>A,TCG,0,0,0,0
U,C>A,GCG,0,0,1,0
U,C>A,CCG,0,1,1,0
U,C>A,ACG,0,1,2,0
U,C>A,TCC,2,0,0,2
U,C>A,GCC,2,2,2,3
U,C>A,CCC,2,2,2,2
U,C>A,ACC,0,0,1,1
U,C>A,TCA,1,1,2,2
U,C>A,GCA,0,1,1,0
U,C>A,CCA,1,2,3,2
U,C>A,ACA,2,0,0,7
T,T>A,ATA,1,2,3,1
T,T>A,ATC,3,0,1,2
T,T>A,ATG,1,1,1,1
T,T>A,ATT,4,1,1,3
T,T>A,CTA,4,0,1,2
T,T>A,CTC,2,0,0,1
T,T>A,CTG,3,0,0,3
T,T>A,CTT,1,1,1,1
T,T>A,GTA,0,0,0,0
T,T>A,GTC,1,0,0,1
T,T>A,GTG,2,0,0,1
T,T>A,GTT,0,1,1,0
T,T>A,TTA,2,0,0,1
T,T>A,TTC,1,1,1,1
T,T>A,TTG,0,1,1,0
T,T>A,TTT,2,0,1,1
T,T>C,ATA,2,4,3,2
T,T>C,ATC,3,1,1,3
T,T>C,ATG,3,1,1,4
T,T>C,ATT,6,1,3,7
T,T>C,CTA,1,0,0,1
T,T>C,CTC,3,0,0,3
T,T>C,CTG,3,0,0,3
T,T>C,CTT,2,2,2,2
T,T>C,GTA,4,1,0,4
T,T>C,GTC,2,1,1,2
T,T>C,GTG,4,1,1,3
T,T>C,GTT,2,2,2,2
T,T>C,TTA,2,0,0,2
T,T>C,TTC,0,2,1,0
T,T>C,TTG,0,0,0,0
T,T>C,TTT,2,1,2,4
T,T>G,ATA,1,1,1,1
T,T>G,ATC,0,0,0,0
T,T>G,ATG,1,1,1,0
T,T>G,ATT,1,2,2,1
T,T>G,CTA,1,0,0,1
T,T>G,CTC,1,0,0,1
T,T>G,CTG,1,0,0,0
T,T>G,CTT,2,0,0,1
T,T>G,GTA,0,0,0,1
T,T>G,GTC,1,0,1,1
T,T>G,GTG,1,0,0,3
T,T>G,GTT,2,0,2,1
T,T>G,TTA,1,0,0,0
T,T>G,TTC,1,0,0,1
T,T>G,TTG,1,0,1,1
T,T>G,TTT,2,0,0,2